userID,age
001,29
002,50
003,51
004,54
005,39
006,28
007,56
008,21
009,40
010,45
011,19
012,37
013,39
014,54
015,49
016,49
017,50
018,27
019,24
020,28
021,53
022,59
023,59
024,35
025,32
026,27
027,45
028,23
029,26
030,29
031,56
032,56
033,33
034,51
035,32
036,39
037,50
038,30
039,52
040,34
041,57
042,43
043,52
044,26
045,26
046,21
047,42
048,38
049,25
050,50
051,43
052,35
053,37
054,19
055,38
056,60
057,60
058,43
059,48
060,24
061,37
062,53
063,53
064,48
065,34
066,53
067,37
068,22
069,32
070,57
071,35
072,24
073,27
074,34
075,28
076,24
077,38
078,55
079,51
080,22
081,23
082,25
083,23
084,44
085,46
086,54
087,46
088,48
089,33
090,18
091,47
092,41
093,25
094,35
095,21
096,38
097,30
098,57
099,27
100,41
101,49
102,18
103,46
104,36
105,37
106,56
107,44
108,24
109,24
110,47
111,51
112,49
113,18
114,47
115,29
116,30
117,56
118,18
119,28
120,30
121,51
122,50
123,36
124,59
125,44
126,57
127,23
128,48
129,39
130,47
131,19
132,45
133,18
134,54
135,58
136,39
137,33
138,52
139,58
140,41
141,24
142,44
143,51
144,28
145,34
146,33
147,19
148,56
149,27
150,52
151,31
152,50
153,30
154,38
155,47
156,56
157,56
158,19
159,44
160,40
161,44
162,21
163,35
164,19
165,23
166,18
167,34
168,48
169,47
170,44
171,25
172,34
173,44
174,58
175,48
176,36
177,46
178,26
179,25
180,35
181,22
182,36
183,30
184,51
185,51
186,58
187,47
188,37
189,28
190,49
191,42
192,35
193,49
194,47
195,48
196,60
197,39
198,19
199,26
200,42
201,21
202,26
203,36
204,44
205,49
206,30
207,52
208,52
209,38
210,21
211,38
212,35
213,27
214,34
215,37
216,34
217,56
218,51
219,19
220,44
221,31
222,51
223,44
224,39
225,18
226,24
227,42
228,38
229,53
230,54
231,44
232,47
233,38
234,26
235,38
236,57
237,30
238,56
239,25
240,24
241,25
242,52
243,21
244,50
245,51
246,27
247,39
248,35
249,29
250,46
251,48
252,24
253,53
254,40
255,33
256,58
257,24
258,46
259,58
260,56
261,57
262,19
263,46
264,39
265,36
266,47
267,44
268,46
269,32
270,26
271,57
272,37
273,40
274,21
275,60
276,53
277,52
278,50
279,20
280,33
281,46
282,48
283,18
284,38
285,32
286,33
287,55
288,23
289,56
290,41
291,43
292,19
293,46
294,21
295,53
296,37
297,59
298,40
299,41
300,50
301,49
302,18
303,52
304,54
305,45
306,32
307,35
308,49
309,59
310,59
311,46
312,54
313,46
314,23
315,47
316,30
317,34
318,46
319,55
320,42
321,22
322,38
323,59
324,28
325,50
326,59
327,40
328,48
329,54
330,53
331,37
332,19
333,57
334,34
335,27
336,42
337,22
338,18
339,56
340,40
341,39
342,39
343,29
344,40
345,42
346,52
347,35
348,51
349,44
350,56
351,43
352,41
353,28
354,55
355,27
356,30
357,46
358,58
359,35
360,26
361,29
362,33
363,52
364,58
365,38
366,48
367,23
368,25
369,47
370,37
371,37
372,18
373,21
374,44
375,59
376,51
377,50
378,55
379,58
380,25
381,60
382,38
383,19
384,35
385,19
386,50
387,42
388,52
389,53
390,60
391,52
392,48
393,43
394,46
395,42
396,40
397,34
398,20
399,27
400,52
401,29
402,29
403,50
404,34
405,22
406,34
407,42
408,59
409,50
410,40
411,48
412,58
413,29
414,25
415,34
416,57
417,56
418,24
419,44
420,59
421,53
422,19
423,33
424,33
425,49
426,31
427,60
428,26
429,55
430,23
431,52
432,35
433,27
434,18
435,22
436,47
437,44
438,53
439,18
440,21
441,25
442,37
443,54
444,44
445,38
446,57
447,25
448,25
449,19
450,30
451,27
452,39
453,30
454,37
455,55
456,47
457,19
458,32
459,21
460,41
461,29
462,32
463,48
464,22
465,55
466,24
467,24
468,19
469,24
470,43
471,27
472,56
473,41
474,49
475,46
476,37
477,27
478,33
479,27
480,25
481,44
482,35
483,38
484,34
485,46
486,49
487,44
488,25
489,44
490,31
491,36
492,45
493,45
494,45
495,31
496,41
497,46
498,33
499,25
500,47
501,21
502,22
503,27
504,60
505,42
506,22
507,30
508,44
509,38
510,28
511,21
512,34
513,27
514,40
515,50
516,21
517,28
518,57
519,38
520,55
521,21
522,22
523,41
524,21
525,31
526,21
527,55
528,23
529,21
530,30
531,38
532,56
533,20
534,47
535,52
536,33
537,54
538,39
539,21
540,40
541,54
542,58
543,50
544,30
545,25
546,42
547,50
548,25
549,23
550,49
551,19
552,40
553,60
554,32
555,26
556,47
557,21
558,58
559,57
560,37
561,27
562,44
563,34
564,26
565,50
566,45
567,42
568,40
569,59
570,36
571,50
572,34
573,50
574,27
575,45
576,46
577,31
578,29
579,37
580,49
581,55
582,29
583,32
584,48
585,22
586,40
587,34
588,24
589,29
590,57
591,48
592,23
593,21
594,37
595,33
596,26
597,52
598,56
599,56
600,60
601,38
602,22
603,31
604,46
605,56
606,20
607,21
608,39
609,41
610,52
611,53
612,60
613,25
614,47
615,42
616,51
617,59
618,44
619,60
620,54
621,26
622,31
623,31
624,58
625,49
626,52
627,35
628,55
629,24
630,59
631,39
632,29
633,34
634,43
635,46
636,46
637,26
638,28
639,25
640,60
641,37
642,22
643,21
644,44
645,46
646,55
647,43
648,19
649,54
650,20
651,38
652,35
653,37
654,37
655,19
656,29
657,60
658,43
659,39
660,38
661,45
662,55
663,44
664,30
665,27
666,37
667,49
668,55
669,35
670,47
671,36
672,41
673,47
674,39
675,52
676,59
677,56
678,51
679,22
680,35
681,56
682,47
683,27
684,24
685,39
686,24
687,43
688,57
689,42
690,60
691,34
692,29
693,49
694,50
695,59
696,19
697,23
698,30
699,54
700,48
701,50
702,57
703,41
704,57
705,18
706,32
707,57
708,54
709,56
710,24
711,36
712,57
713,22
714,58
715,42
716,26
717,52
718,59
719,59
720,42
721,40
722,23
723,28
724,19
725,60
726,30
727,43
728,49
729,31
730,32
731,55
732,57
733,57
734,59
735,27
736,31
737,46
738,35
739,50
740,37
741,32
742,51
743,34
744,38
745,41
746,25
747,43
748,39
749,27
750,26
751,39
752,22
753,54
754,56
755,55
756,42
757,35
758,35
759,40
760,55
761,45
762,60
763,43
764,32
765,26
766,53
767,32
768,37
769,32
770,51
771,33
772,50
773,44
774,18
775,23
776,55
777,55
778,51
779,45
780,37
781,29
782,46
783,21
784,26
785,25
786,58
787,26
788,25
789,34
790,60
791,46
792,22
793,29
794,25
795,37
796,43
797,53
798,21
799,43
800,40
801,41
802,49
803,57
804,48
805,46
806,31
807,42
808,27
809,38
810,25
811,27
812,22
813,49
814,18
815,51
816,51
817,56
818,23
819,25
820,26
821,53
822,52
823,18
824,35
825,36
826,29
827,30
828,57
829,32
830,44
831,25
832,56
833,60
834,60
835,56
836,60
837,34
838,42
839,60
840,19
841,58
842,32
843,18
844,28
845,46
846,51
847,24
848,32
849,36
850,45
851,25
852,25
853,38
854,60
855,55
856,24
857,18
858,46
859,59
860,58
861,50
862,51
863,34
864,57
865,25
866,29
867,37
868,48
869,32
870,34
871,60
872,44
873,37
874,59
875,38
876,53
877,23
878,35
879,24
880,29
881,43
882,45
883,55
884,26
885,60
886,47
887,31
888,55
889,29
890,19
891,55
892,34
893,25
894,41
895,49
896,24
897,60
898,51
899,39
900,52
901,54
902,55
903,54
904,39
905,55
906,38
907,43
908,23
909,18
910,41
911,30
912,53
913,18
914,38
915,21
916,47
917,43
918,29
919,55
920,54
921,29
922,30
923,53
924,51
925,50
926,56
927,41
928,29
929,58
930,50
931,60
932,18
933,35
934,59
935,42
936,19
937,31
938,38
939,55
940,54
941,23
942,50
943,57
944,46
945,33
946,31
947,30
948,26
949,57
950,48
951,36
952,20
953,60
954,58
955,60
956,40
957,56
958,28
959,55
960,41
961,49
962,23
963,45
964,33
965,45
966,40
967,23
968,31
969,25
970,18
971,43
972,59
973,33
974,59
975,27
976,56
977,58
978,38
979,27
980,47
981,36
982,59
983,56
984,47
985,28
986,51
987,34
988,48
989,23
990,19
991,38
992,60
993,33
994,44
995,37
996,47
997,59
998,21
999,50
1000,32
1001,59
1002,24
1003,59
1004,50
1005,49
1006,52
1007,29
1008,25
1009,35
1010,36
1011,40
1012,23
1013,41
1014,46
1015,29
1016,23
1017,53
1018,27
1019,22
1020,49
1021,23
1022,46
1023,46
1024,34
1025,28
1026,23
1027,25
1028,58
1029,39
1030,45
1031,21
1032,24
1033,28
1034,59
1035,25
1036,56
1037,38
1038,53
1039,34
1040,19
1041,33
1042,53
1043,38
1044,42
1045,52
1046,34
1047,57
1048,42
1049,49
1050,27
1051,25
1052,32
1053,32
1054,38
1055,22
1056,56
1057,57
1058,43
1059,28
1060,60
1061,43
1062,38
1063,20
1064,48
1065,29
1066,56
1067,25
1068,54
1069,53
1070,56
1071,37
1072,56
1073,20
1074,32
1075,39
1076,53
1077,19
1078,21
1079,23
1080,36
1081,30
1082,20
1083,39
1084,42
1085,27
1086,36
1087,23
1088,19
1089,42
1090,35
1091,52
1092,29
1093,31
1094,39
1095,60
1096,29
1097,19
1098,21
1099,25
1100,54
1101,54
1102,42
1103,19
1104,60
1105,32
1106,27
1107,22
1108,37
1109,58
1110,30
1111,54
1112,34
1113,55
1114,24
1115,37
1116,28
1117,36
1118,20
1119,31
1120,60
1121,18
1122,40
1123,31
1124,46
1125,57
1126,27
1127,37
1128,48
1129,38
1130,38
1131,27
1132,56
1133,60
1134,30
1135,18
1136,44
1137,19
1138,34
1139,54
1140,23
1141,58
1142,23
1143,29
1144,23
1145,25
1146,19
1147,42
1148,50
1149,22
1150,32
1151,40
1152,24
1153,25
1154,37
1155,19
1156,53
1157,39
1158,59
1159,59
1160,43
1161,46
1162,18
1163,40
1164,49
1165,57
1166,29
1167,30
1168,38
1169,32
1170,47
1171,54
1172,42
1173,43
1174,49
1175,27
1176,47
1177,58
1178,37
1179,41
1180,41
1181,20
1182,51
1183,18
1184,19
1185,18
1186,40
1187,31
1188,40
1189,54
1190,24
1191,37
1192,35
1193,51
1194,30
1195,28
1196,32
1197,45
1198,21
1199,43
1200,56
1201,57
1202,21
1203,47
1204,30
1205,21
1206,28
1207,38
1208,25
1209,53
1210,44
1211,48
1212,54
1213,20
1214,33
1215,49
1216,25
1217,49
1218,49
1219,55
1220,31
1221,37
1222,32
1223,40
1224,47
1225,22
1226,19
1227,55
1228,24
1229,27
1230,29
1231,21
1232,37
1233,52
1234,39
1235,58
1236,51
1237,21
1238,53
1239,29
1240,54
1241,26
1242,48
1243,42
1244,58
1245,50
1246,39
1247,56
1248,50
1249,24
1250,25
1251,47
1252,41
1253,29
1254,21
1255,54
1256,32
1257,50
1258,27
1259,43
1260,53
1261,56
1262,46
1263,54
1264,57
1265,39
1266,45
1267,28
1268,38
1269,39
1270,29
1271,41
1272,58
1273,54
1274,21
1275,43
1276,48
1277,57
1278,52
1279,27
1280,32
1281,27
1282,43
1283,35
1284,42
1285,48
1286,28
1287,20
1288,30
1289,55
1290,18
1291,49
1292,47
1293,25
1294,30
1295,29
1296,30
1297,47
1298,45
1299,29
1300,56
1301,18
1302,36
1303,25
1304,34
1305,19
1306,27
1307,57
1308,40
1309,21
1310,37
1311,54
1312,53
1313,59
1314,39
1315,50
1316,52
1317,36
1318,27
1319,57
1320,22
1321,31
1322,18
1323,40
1324,52
1325,52
1326,32
1327,36
1328,24
1329,54
1330,33
1331,49
1332,40
1333,59
1334,39
1335,35
1336,52
1337,31
1338,23
1339,56
1340,22
1341,46
1342,46
1343,36
1344,59
1345,46
1346,46
1347,41
1348,58
1349,48
1350,41
1351,58
1352,52
1353,30
1354,45
1355,23
1356,60
1357,38
1358,48
1359,49
1360,26
1361,19
1362,19
1363,59
1364,39
1365,39
1366,41
1367,37
1368,57
1369,36
1370,27
1371,23
1372,47
1373,29
1374,51
1375,58
1376,21
1377,51
1378,46
1379,45
1380,33
1381,22
1382,39
1383,44
1384,18
1385,28
1386,45
1387,38
1388,52
1389,48
1390,21
1391,44
1392,26
1393,21
1394,42
1395,43
1396,18
1397,46
1398,41
1399,21
1400,46
1401,31
1402,55
1403,33
1404,36
1405,43
1406,21
1407,45
1408,34
1409,36
1410,38
1411,52
1412,37
1413,41
1414,18
1415,58
1416,48
1417,25
1418,39
1419,29
1420,43
1421,28
1422,44
1423,31
1424,41
1425,36
1426,30
1427,19
1428,28
1429,23
1430,26
1431,21
1432,45
1433,26
1434,54
1435,36
1436,47
1437,57
1438,42
1439,50
1440,51
1441,46
1442,56
1443,55
1444,29
1445,49
1446,52
1447,27
1448,21
1449,21
1450,49
1451,33
1452,26
1453,23
1454,52
1455,53
1456,20
1457,58
1458,42
1459,48
1460,41
1461,38
1462,43
1463,22
1464,51
1465,49
1466,51
1467,55
1468,42
1469,22
1470,40
1471,27
1472,40
1473,41
1474,31
1475,38
1476,46
1477,54
1478,54
1479,38
1480,24
1481,53
1482,33
1483,40
1484,28
1485,56
1486,51
1487,28
1488,19
1489,30
1490,54
1491,21
1492,44
1493,31
1494,57
1495,39
1496,20
1497,27
1498,31
1499,35
1500,19
1501,25
1502,34
1503,41
1504,22
1505,43
1506,47
1507,55
1508,26
1509,19
1510,38
1511,33
1512,42
1513,58
1514,24
1515,24
1516,46
1517,54
1518,58
1519,30
1520,43
1521,41
1522,55
1523,31
1524,45
1525,55
1526,40
1527,59
1528,48
1529,42
1530,23
1531,27
1532,43
1533,60
1534,48
1535,41
1536,41
1537,43
1538,53
1539,50
1540,26
1541,26
1542,57
1543,18
1544,51
1545,39
1546,37
1547,52
1548,56
1549,45
1550,51
1551,54
1552,22
1553,50
1554,30
1555,49
1556,27
1557,60
1558,44
1559,42
1560,32
1561,24
1562,18
1563,19
1564,46
1565,47
1566,26
1567,29
1568,36
1569,58
1570,35
1571,60
1572,36
1573,58
1574,19
1575,57
1576,28
1577,58
1578,19
1579,24
1580,28
1581,20
1582,39
1583,29
1584,31
1585,42
1586,19
1587,18
1588,46
1589,37
1590,39
1591,24
1592,34
1593,58
1594,47
1595,58
1596,29
1597,23
1598,35
1599,49
1600,53
1601,38
1602,18
1603,45
1604,23
1605,35
1606,53
1607,54
1608,19
1609,26
1610,25
1611,34
1612,57
1613,40
1614,19
1615,32
1616,58
1617,32
1618,36
1619,46
1620,34
1621,29
1622,28
1623,56
1624,41
1625,49
1626,24
1627,53
1628,21
1629,33
1630,23
1631,50
1632,32
1633,56
1634,55
1635,26
1636,28
1637,20
1638,24
1639,27
1640,59
1641,56
1642,58
1643,56
1644,31
1645,18
1646,23
1647,50
1648,40
1649,25
1650,24
1651,47
1652,50
1653,48
1654,22
1655,53
1656,51
1657,21
1658,51
1659,47
1660,19
1661,40
1662,46
1663,38
1664,31
1665,23
1666,23
1667,53
1668,42
1669,59
1670,56
1671,22
1672,18
1673,25
1674,60
1675,35
1676,39
1677,44
1678,36
1679,28
1680,45
1681,46
1682,29
1683,24
1684,60
1685,51
1686,41
1687,57
1688,57
1689,35
1690,39
1691,37
1692,31
1693,58
1694,53
1695,43
1696,19
1697,33
1698,43
1699,48
1700,58
1701,55
1702,52
1703,43
1704,24
1705,47
1706,28
1707,51
1708,21
1709,57
1710,55
1711,34
1712,45
1713,47
1714,28
1715,24
1716,20
1717,43
1718,42
1719,35
1720,52
1721,40
1722,46
1723,23
1724,35
1725,30
1726,51
1727,23
1728,45
1729,27
1730,19
1731,43
1732,21
1733,47
1734,23
1735,59
1736,50
1737,53
1738,38
1739,24
1740,42
1741,22
1742,43
1743,47
1744,26
1745,51
1746,18
1747,46
1748,60
1749,24
1750,48
1751,46
1752,30
1753,43
1754,25
1755,19
1756,46
1757,52
1758,22
1759,38
1760,59
1761,54
1762,49
1763,41
1764,26
1765,18
1766,40
1767,29
1768,54
1769,56
1770,18
1771,40
1772,22
1773,50
1774,55
1775,27
1776,46
1777,28
1778,59
1779,21
1780,19
1781,51
1782,60
1783,28
1784,27
1785,57
1786,56
1787,52
1788,42
1789,48
1790,37
1791,26
1792,59
1793,32
1794,32
1795,41
1796,20
1797,38
1798,48
1799,18
1800,36
1801,45
1802,54
1803,37
1804,42
1805,20
1806,58
1807,58
1808,38
1809,35
1810,19
1811,55
1812,60
1813,53
1814,50
1815,53
1816,26
1817,34
1818,38
1819,59
1820,47
1821,30
1822,18
1823,39
1824,35
1825,33
1826,21
1827,32
1828,33
1829,41
1830,54
1831,36
1832,60
1833,53
1834,48
1835,60
1836,37
1837,52
1838,41
1839,35
1840,32
1841,55
1842,31
1843,48
1844,58
1845,59
1846,33
1847,54
1848,18
1849,30
1850,58
1851,40
1852,35
1853,32
1854,21
1855,59
1856,42
1857,33
1858,42
1859,18
1860,30
1861,24
1862,45
1863,33
1864,31
1865,39
1866,26
1867,43
1868,36
1869,54
1870,52
1871,49
1872,51
1873,42
1874,34
1875,39
1876,55
1877,45
1878,29
1879,39
1880,48
1881,55
1882,20
1883,21
1884,59
1885,45
1886,29
1887,49
1888,45
1889,21
1890,59
1891,48
1892,41
1893,57
1894,21
1895,53
1896,33
1897,31
1898,44
1899,43
1900,45
1901,52
1902,24
1903,50
1904,56
1905,29
1906,47
1907,60
1908,47
1909,51
1910,29
1911,59
1912,24
1913,57
1914,25
1915,27
1916,27
1917,23
1918,42
1919,37
1920,45
1921,53
1922,46
1923,48
1924,60
1925,54
1926,26
1927,36
1928,43
1929,34
1930,29
1931,33
1932,50
1933,36
1934,49
1935,43
1936,34
1937,28
1938,22
1939,54
1940,55
1941,28
1942,55
1943,29
1944,30
1945,56
1946,38
1947,22
1948,37
1949,25
1950,60
1951,50
1952,56
1953,22
1954,29
1955,24
1956,52
1957,32
1958,42
1959,21
1960,36
1961,24
1962,27
1963,43
1964,34
1965,38
1966,48
1967,59
1968,24
1969,33
1970,51
1971,40
1972,33
1973,52
1974,39
1975,56
1976,54
1977,38
1978,29
1979,24
1980,32
1981,53
1982,53
1983,33
1984,54
1985,34
1986,27
1987,40
1988,22
1989,60
1990,18
1991,36
1992,27
1993,53
1994,30
1995,55
1996,27
1997,30
1998,50
1999,30
2000,21
2001,25
2002,32
2003,40
2004,20
2005,49
2006,20
2007,25
2008,37
2009,23
2010,44
2011,39
2012,21
2013,30
2014,54
2015,25
2016,24
2017,38
2018,30
2019,41
2020,48
2021,28
2022,25
2023,32
2024,50
2025,25
2026,30
2027,21
2028,51
2029,47
2030,34
2031,28
2032,21
2033,27
2034,45
2035,28
2036,23
2037,41
2038,43
2039,37
2040,28
2041,23
2042,55
2043,36
2044,58
2045,26
2046,25
2047,42
2048,32
2049,18
2050,60
2051,37
2052,45
2053,34
2054,22
2055,49
2056,35
2057,50
2058,26
2059,53
2060,31
2061,57
2062,45
2063,18
2064,32
2065,43
2066,22
2067,24
2068,37
2069,36
2070,60
2071,57
2072,20
2073,45
2074,51
2075,55
2076,30
2077,36
2078,28
2079,21
2080,27
2081,29
2082,56
2083,32
2084,36
2085,55
2086,58
2087,29
2088,57
2089,47
2090,40
2091,46
2092,39
2093,51
2094,34
2095,31
2096,42
2097,60
2098,54
2099,19
2100,42
2101,50
2102,50
2103,41
2104,32
2105,59
2106,30
2107,57
2108,42
2109,55
2110,47
2111,28
2112,38
2113,44
2114,49
2115,48
2116,25
2117,59
2118,28
2119,39
2120,40
2121,49
2122,21
2123,33
2124,50
2125,19
2126,23
2127,54
2128,38
2129,47
2130,50
2131,58
2132,49
2133,48
2134,48
2135,20
2136,45
2137,19
2138,27
2139,28
2140,28
2141,39
2142,55
2143,27
2144,21
2145,31
2146,45
2147,55
2148,45
2149,33
2150,18
2151,30
2152,43
2153,28
2154,53
2155,53
2156,52
2157,60
2158,26
2159,53
2160,50
2161,41
2162,19
2163,26
2164,47
2165,59
2166,55
2167,50
2168,49
2169,59
2170,49
2171,36
2172,49
2173,21
2174,46
2175,44
2176,55
2177,60
2178,54
2179,28
2180,30
2181,52
2182,35
2183,52
2184,40
2185,34
2186,47
2187,57
2188,54
2189,51
2190,31
2191,42
2192,37
2193,26
2194,46
2195,23
2196,26
2197,46
2198,47
2199,50
2200,34
2201,39
2202,54
2203,42
2204,55
2205,58
2206,44
2207,60
2208,52
2209,39
2210,41
2211,26
2212,39
2213,35
2214,50
2215,20
2216,38
2217,53
2218,46
2219,25
2220,27
2221,32
2222,26
2223,38
2224,46
2225,40
2226,36
2227,33
2228,21
2229,49
2230,28
2231,30
2232,51
2233,58
2234,26
2235,42
2236,38
2237,47
2238,47
2239,40
2240,44
2241,57
2242,20
2243,59
2244,24
2245,42
2246,34
2247,46
2248,44
2249,23
2250,34
2251,56
2252,54
2253,38
2254,43
2255,46
2256,33
2257,41
2258,27
2259,49
2260,48
2261,36
2262,40
2263,27
2264,21
2265,28
2266,39
2267,54
2268,20
2269,46
2270,43
2271,25
2272,35
2273,55
2274,60
2275,27
2276,25
2277,37
2278,53
2279,50
2280,20
2281,59
2282,21
2283,50
2284,39
2285,38
2286,57
2287,59
2288,33
2289,34
2290,45
2291,55
2292,26
2293,21
2294,35
2295,29
2296,18
2297,38
2298,27
2299,37
2300,30
2301,32
2302,53
2303,47
2304,48
2305,46
2306,24
2307,41
2308,53
2309,46
2310,60
2311,38
2312,31
2313,43
2314,21
2315,38
2316,19
2317,43
2318,59
2319,45
2320,52
2321,24
2322,33
2323,18
2324,19
2325,19
2326,56
2327,21
2328,59
2329,36
2330,35
2331,40
2332,51
2333,20
2334,25
2335,40
2336,52
2337,42
2338,34
2339,18
2340,50
2341,30
2342,59
2343,43
2344,46
2345,19
2346,45
2347,53
2348,40
2349,32
2350,39
2351,50
2352,55
2353,44
2354,56
2355,22
2356,27
2357,49
2358,49
2359,38
2360,40
2361,26
2362,50
2363,35
2364,47
2365,42
2366,39
2367,32
2368,34
2369,33
2370,41
2371,55
2372,21
2373,36
2374,28
2375,58
2376,42
2377,50
2378,25
2379,52
2380,48
2381,58
2382,28
2383,46
2384,25
2385,29
2386,45
2387,50
2388,24
2389,57
2390,35
2391,45
2392,24
2393,45
2394,18
2395,37
2396,25
2397,33
2398,42
2399,31
2400,32
2401,20
2402,19
2403,32
2404,24
2405,34
2406,33
2407,37
2408,54
2409,58
2410,21
2411,56
2412,41
2413,20
2414,22
2415,41
2416,29
2417,39
2418,21
2419,58
2420,33
2421,30
2422,21
2423,59
2424,54
2425,56
2426,42
2427,43
2428,25
2429,49
2430,19
2431,51
2432,32
2433,26
2434,24
2435,59
2436,32
2437,60
2438,24
2439,56
2440,59
2441,53
2442,26
2443,52
2444,46
2445,25
2446,20
2447,18
2448,39
2449,19
2450,28
2451,59
2452,23
2453,54
2454,42
2455,19
2456,30
2457,18
2458,51
2459,54
2460,26
2461,34
2462,59
2463,51
2464,18
2465,26
2466,49
2467,43
2468,29
2469,31
2470,42
2471,47
2472,33
2473,52
2474,40
2475,55
2476,54
2477,44
2478,53
2479,49
2480,45
2481,29
2482,40
2483,53
2484,55
2485,21
2486,22
2487,20
2488,51
2489,26
2490,57
2491,19
2492,36
2493,21
2494,27
2495,29
2496,24
2497,28
2498,41
2499,38
2500,42
2501,42
2502,38
2503,51
2504,23
2505,59
2506,32
2507,43
2508,56
2509,40
2510,58
2511,34
2512,47
2513,27
2514,53
2515,50
2516,24
2517,19
2518,47
2519,45
2520,59
2521,52
2522,40
2523,20
2524,38
2525,25
2526,23
2527,19
2528,31
2529,47
2530,24
2531,43
2532,21
2533,22
2534,27
2535,22
2536,60
2537,44
2538,34
2539,49
2540,21
2541,36
2542,59
2543,36
2544,53
2545,56
2546,32
2547,37
2548,41
2549,25
2550,37
2551,50
2552,50
2553,24
2554,53
2555,46
2556,19
2557,46
2558,44
2559,23
2560,18
2561,58
2562,24
2563,21
2564,47
2565,21
2566,24
2567,56
2568,53
2569,57
2570,26
2571,41
2572,59
2573,55
2574,28
2575,52
2576,35
2577,18
2578,42
2579,39
2580,53
2581,28
2582,26
2583,28
2584,38
2585,40
2586,32
2587,23
2588,30
2589,24
2590,58
2591,48
2592,51
2593,32
2594,35
2595,38
2596,55
2597,27
2598,49
2599,23
2600,18
2601,38
2602,46
2603,38
2604,26
2605,29
2606,35
2607,30
2608,33
2609,56
2610,18
2611,59
2612,42
2613,24
2614,21
2615,30
2616,27
2617,37
2618,51
2619,28
2620,57
2621,33
2622,36
2623,47
2624,32
2625,45
2626,23
2627,27
2628,57
2629,40
2630,43
2631,40
2632,27
2633,46
2634,47
2635,59
2636,43
2637,40
2638,51
2639,58
2640,22
2641,44
2642,32
2643,26
2644,56
2645,45
2646,60
2647,29
2648,26
2649,29
2650,28
2651,46
2652,38
2653,22
2654,56
2655,52
2656,42
2657,20
2658,56
2659,23
2660,22
2661,32
2662,28
2663,47
2664,48
2665,31
2666,19
2667,46
2668,24
2669,37
2670,59
2671,35
2672,22
2673,51
2674,35
2675,30
2676,60
2677,54
2678,58
2679,42
2680,34
2681,54
2682,26
2683,38
2684,52
2685,20
2686,26
2687,37
2688,33
2689,36
2690,48
2691,25
2692,48
2693,47
2694,42
2695,46
2696,18
2697,18
2698,26
2699,20
2700,36
2701,54
2702,39
2703,45
2704,31
2705,51
2706,36
2707,34
2708,43
2709,48
2710,32
2711,51
2712,54
2713,22
2714,34
2715,25
2716,37
2717,38
2718,22
2719,18
2720,23
2721,25
2722,22
2723,39
2724,32
2725,40
2726,29
2727,30
2728,42
2729,42
2730,29
2731,40
2732,53
2733,51
2734,24
2735,35
2736,53
2737,39
2738,45
2739,59
2740,18
2741,31
2742,34
2743,45
2744,54
2745,46
2746,29
2747,20
2748,45
2749,34
2750,43
2751,30
2752,55
2753,25
2754,39
2755,31
2756,58
2757,26
2758,33
2759,22
2760,32
2761,30
2762,32
2763,53
2764,36
2765,30
2766,52
2767,39
2768,45
2769,42
2770,26
2771,48
2772,35
2773,52
2774,54
2775,44
2776,41
2777,38
2778,30
2779,22
2780,46
2781,37
2782,18
2783,41
2784,51
2785,33
2786,20
2787,56
2788,35
2789,28
2790,30
2791,25
2792,52
2793,54
2794,39
2795,51
2796,18
2797,40
2798,59
2799,42
2800,55
2801,58
2802,51
2803,32
2804,32
2805,36
2806,57
2807,32
2808,18
2809,33
2810,56
2811,22
2812,47
2813,39
2814,60
2815,60
2816,35
2817,44
2818,26
2819,36
2820,29
2821,51
2822,25
2823,19
2824,44
2825,52
2826,48
2827,30
2828,30
2829,46
2830,27
2831,43
2832,47
2833,19
2834,18
2835,54
2836,50
2837,19
2838,38
2839,38
2840,60
2841,32
2842,35
2843,30
2844,47
2845,35
2846,35
2847,46
2848,38
2849,55
2850,41
2851,28
2852,29
2853,41
2854,20
2855,35
2856,20
2857,18
2858,36
2859,54
2860,39
2861,55
2862,60
2863,24
2864,52
2865,34
2866,35
2867,28
2868,49
2869,49
2870,25
2871,34
2872,37
2873,31
2874,28
2875,42
2876,28
2877,53
2878,28
2879,41
2880,30
2881,38
2882,51
2883,54
2884,24
2885,42
2886,50
2887,56
2888,28
2889,54
2890,57
2891,34
2892,31
2893,57
2894,28
2895,22
2896,56
2897,59
2898,39
2899,33
2900,55
2901,30
2902,47
2903,19
2904,43
2905,24
2906,53
2907,35
2908,44
2909,56
2910,40
2911,37
2912,22
2913,43
2914,20
2915,39
2916,25
2917,59
2918,40
2919,50
2920,43
2921,45
2922,59
2923,44
2924,44
2925,35
2926,56
2927,41
2928,44
2929,37
2930,50
2931,24
2932,54
2933,24
2934,43
2935,57
2936,39
2937,36
2938,60
2939,20
2940,41
2941,25
2942,32
2943,26
2944,42
2945,22
2946,44
2947,42
2948,52
2949,49
2950,32
2951,25
2952,47
2953,24
2954,41
2955,53
2956,20
2957,26
2958,35
2959,29
2960,23
2961,60
2962,44
2963,22
2964,43
2965,22
2966,36
2967,47
2968,28
2969,23
2970,22
2971,58
2972,50
2973,19
2974,25
2975,37
2976,28
2977,24
2978,19
2979,60
2980,50
2981,52
2982,37
2983,34
2984,28
2985,34
2986,24
2987,23
2988,31
2989,47
2990,45
2991,31
2992,37
2993,18
2994,36
2995,27
2996,24
2997,42
2998,43
2999,54
3000,55
3001,46
3002,24
3003,52
3004,34
3005,39
3006,49
3007,54
3008,35
3009,20
3010,29
3011,47
3012,42
3013,28
3014,42
3015,26
3016,52
3017,60
3018,31
3019,52
3020,36
3021,44
3022,56
3023,44
3024,19
3025,50
3026,45
3027,47
3028,20
3029,39
3030,47
3031,40
3032,47
3033,48
3034,60
3035,30
3036,22
3037,46
3038,25
3039,56
3040,26
3041,58
3042,27
3043,47
3044,50
3045,53
3046,33
3047,58
3048,41
3049,26
3050,59
3051,25
3052,26
3053,33
3054,44
3055,39
3056,34
3057,26
3058,19
3059,23
3060,51
3061,43
3062,28
3063,52
3064,19
3065,38
3066,30
3067,36
3068,25
3069,34
3070,41
3071,53
3072,37
3073,23
3074,43
3075,26
3076,44
3077,37
3078,41
3079,43
3080,31
3081,25
3082,59
3083,56
3084,42
3085,42
3086,27
3087,27
3088,25
3089,56
3090,58
3091,50
3092,27
3093,48
3094,54
3095,54
3096,50
3097,43
3098,33
3099,46
3100,37
3101,58
3102,27
3103,52
3104,37
3105,56
3106,19
3107,59
3108,46
3109,24
3110,29
3111,29
3112,51
3113,19
3114,57
3115,55
3116,36
3117,22
3118,35
3119,50
3120,49
3121,38
3122,38
3123,53
3124,59
3125,41
3126,45
3127,28
3128,47
3129,28
3130,55
3131,23
3132,49
3133,41
3134,40
3135,53
3136,31
3137,47
3138,45
3139,45
3140,40
3141,48
3142,26
3143,28
3144,42
3145,46
3146,32
3147,34
3148,60
3149,23
3150,37
3151,46
3152,48
3153,43
3154,18
3155,28
3156,45
3157,55
3158,33
3159,56
3160,31
3161,28
3162,49
3163,21
3164,42
3165,24
3166,36
3167,37
3168,30
3169,51
3170,18
3171,26
3172,25
3173,46
3174,21
3175,48
3176,24
3177,21
3178,52
3179,42
3180,21
3181,28
3182,38
3183,21
3184,49
3185,38
3186,30
3187,56
3188,26
3189,59
3190,25
3191,18
3192,55
3193,55
3194,43
3195,20
3196,42
3197,51
3198,33
3199,45
3200,52
3201,21
3202,19
3203,27
3204,53
3205,43
3206,23
3207,58
3208,53
3209,48
3210,22
3211,31
3212,59
3213,45
3214,33
3215,41
3216,53
3217,32
3218,57
3219,20
3220,22
3221,50
3222,30
3223,22
3224,22
3225,45
3226,44
3227,36
3228,28
3229,50
3230,18
3231,35
3232,18
3233,40
3234,53
3235,30
3236,30
3237,50
3238,60
3239,56
3240,55
3241,26
3242,50
3243,18
3244,18
3245,46
3246,40
3247,41
3248,56
3249,44
3250,30
3251,51
3252,59
3253,57
3254,58
3255,42
3256,27
3257,38
3258,59
3259,24
3260,26
3261,50
3262,53
3263,28
3264,50
3265,42
3266,38
3267,31
3268,48
3269,40
3270,59
3271,36
3272,41
3273,22
3274,23
3275,28
3276,30
3277,57
3278,33
3279,33
3280,22
3281,27
3282,20
3283,49
3284,31
3285,59
3286,34
3287,53
3288,37
3289,42
3290,49
3291,55
3292,36
3293,56
3294,59
3295,38
3296,60
3297,28
3298,29
3299,30
3300,52
3301,30
3302,45
3303,60
3304,21
3305,40
3306,21
3307,57
3308,37
3309,22
3310,18
3311,56
3312,43
3313,52
3314,22
3315,57
3316,51
3317,19
3318,47
3319,21
3320,35
3321,50
3322,33
3323,31
3324,27
3325,34
3326,45
3327,53
3328,18
3329,47
3330,32
3331,32
3332,42
3333,22
3334,58
3335,40
3336,52
3337,38
3338,45
3339,25
3340,23
3341,21
3342,32
3343,43
3344,49
3345,37
3346,52
3347,48
3348,46
3349,30
3350,18
3351,50
3352,49
3353,20
3354,52
3355,29
3356,44
3357,22
3358,54
3359,44
3360,47
3361,46
3362,23
3363,45
3364,27
3365,56
3366,47
3367,57
3368,59
3369,25
3370,58
3371,34
3372,45
3373,58
3374,27
3375,33
3376,54
3377,50
3378,39
3379,46
3380,38
3381,47
3382,39
3383,32
3384,35
3385,36
3386,57
3387,18
3388,30
3389,43
3390,34
3391,58
3392,41
3393,46
3394,22
3395,33
3396,52
3397,59
3398,25
3399,49
3400,48
3401,33
3402,42
3403,45
3404,54
3405,22
3406,19
3407,35
3408,54
3409,27
3410,44
3411,27
3412,23
3413,32
3414,38
3415,34
3416,38
3417,48
3418,55
3419,27
3420,55
3421,48
3422,60
3423,59
3424,29
3425,27
3426,22
3427,37
3428,49
3429,53
3430,36
3431,37
3432,32
3433,40
3434,33
3435,34
3436,60
3437,58
3438,52
3439,27
3440,43
3441,27
3442,55
3443,51
3444,50
3445,56
3446,21
3447,53
3448,40
3449,46
3450,19
3451,20
3452,49
3453,34
3454,40
3455,23
3456,50
3457,34
3458,24
3459,44
3460,19
3461,23
3462,20
3463,24
3464,48
3465,31
3466,55
3467,59
3468,41
3469,19
3470,27
3471,38
3472,35
3473,49
3474,43
3475,43
3476,44
3477,52
3478,42
3479,57
3480,35
3481,46
3482,53
3483,42
3484,35
3485,43
3486,25
3487,56
3488,55
3489,44
3490,27
3491,39
3492,34
3493,21
3494,36
3495,19
3496,37
3497,44
3498,39
3499,49
3500,60
3501,26
3502,34
3503,22
3504,24
3505,23
3506,56
3507,33
3508,18
3509,59
3510,47
3511,25
3512,43
3513,50
3514,29
3515,44
3516,37
3517,49
3518,40
3519,20
3520,59
3521,44
3522,24
3523,26
3524,40
3525,32
3526,22
3527,55
3528,54
3529,28
3530,43
3531,21
3532,27
3533,42
3534,21
3535,46
3536,51
3537,38
3538,35
3539,48
3540,32
3541,54
3542,60
3543,58
3544,59
3545,38
3546,38
3547,54
3548,59
3549,47
3550,34
3551,54
3552,38
3553,52
3554,25
3555,60
3556,20
3557,39
3558,36
3559,27
3560,59
3561,24
3562,46
3563,51
3564,53
3565,27
3566,23
3567,57
3568,60
3569,25
3570,46
3571,28
3572,43
3573,25
3574,30
3575,33
3576,55
3577,44
3578,42
3579,44
3580,53
3581,47
3582,35
3583,47
3584,26
3585,18
3586,31
3587,53
3588,50
3589,21
3590,30
3591,51
3592,26
3593,37
3594,41
3595,49
3596,43
3597,57
3598,49
3599,34
3600,60
3601,46
3602,29
3603,36
3604,18
3605,46
3606,31
3607,45
3608,37
3609,52
3610,33
3611,58
3612,51
3613,46
3614,46
3615,36
3616,44
3617,22
3618,53
3619,41
3620,56
3621,18
3622,36
3623,52
3624,33
3625,18
3626,26
3627,35
3628,27
3629,29
3630,43
3631,19
3632,18
3633,55
3634,40
3635,57
3636,41
3637,57
3638,27
3639,38
3640,46
3641,28
3642,58
3643,38
3644,60
3645,23
3646,52
3647,22
3648,25
3649,30
3650,33
3651,49
3652,53
3653,34
3654,24
3655,45
3656,20
3657,20
3658,34
3659,33
3660,44
3661,42
3662,46
3663,25
3664,58
3665,42
3666,53
3667,30
3668,45
3669,46
3670,30
3671,40
3672,38
3673,56
3674,31
3675,60
3676,32
3677,50
3678,25
3679,20
3680,21
3681,55
3682,34
3683,40
3684,47
3685,23
3686,55
3687,60
3688,40
3689,54
3690,51
3691,32
3692,43
3693,30
3694,51
3695,38
3696,52
3697,36
3698,19
3699,59
3700,57
3701,33
3702,59
3703,58
3704,48
3705,22
3706,36
3707,51
3708,60
3709,58
3710,26
3711,52
3712,35
3713,21
3714,41
3715,46
3716,24
3717,29
3718,38
3719,46
3720,49
3721,58
3722,55
3723,26
3724,44
3725,19
3726,32
3727,45
3728,41
3729,29
3730,22
3731,52
3732,53
3733,56
3734,40
3735,35
3736,47
3737,55
3738,51
3739,24
3740,35
3741,47
3742,33
3743,22
3744,55
3745,18
3746,48
3747,28
3748,60
3749,34
3750,20
3751,29
3752,36
3753,33
3754,22
3755,22
3756,58
3757,42
3758,55
3759,45
3760,24
3761,28
3762,37
3763,56
3764,26
3765,54
3766,30
3767,45
3768,28
3769,38
3770,35
3771,54
3772,29
3773,31
3774,19
3775,56
3776,23
3777,50
3778,43
3779,45
3780,54
3781,45
3782,28
3783,30
3784,53
3785,52
3786,57
3787,52
3788,59
3789,32
3790,37
3791,52
3792,38
3793,34
3794,29
3795,32
3796,18
3797,59
3798,43
3799,29
3800,60
3801,58
3802,43
3803,50
3804,50
3805,55
3806,38
3807,27
3808,33
3809,48
3810,51
3811,54
3812,24
3813,33
3814,37
3815,22
3816,48
3817,36
3818,56
3819,42
3820,22
3821,50
3822,34
3823,59
3824,20
3825,40
3826,21
3827,51
3828,53
3829,20
3830,39
3831,22
3832,26
3833,44
3834,60
3835,57
3836,33
3837,40
3838,49
3839,60
3840,21
3841,48
3842,49
3843,20
3844,58
3845,57
3846,35
3847,54
3848,56
3849,37
3850,41
3851,33
3852,24
3853,35
3854,33
3855,21
3856,33
3857,33
3858,40
3859,41
3860,41
3861,34
3862,21
3863,32
3864,46
3865,60
3866,27
3867,47
3868,57
3869,39
3870,18
3871,48
3872,22
3873,39
3874,32
3875,21
3876,31
3877,45
3878,41
3879,49
3880,52
3881,41
3882,32
3883,35
3884,34
3885,59
3886,49
3887,51
3888,23
3889,27
3890,45
3891,47
3892,33
3893,43
3894,53
3895,59
3896,56
3897,22
3898,36
3899,21
3900,31
3901,55
3902,57
3903,33
3904,32
3905,39
3906,34
3907,49
3908,26
3909,49
3910,20
3911,34
3912,60
3913,46
3914,43
3915,31
3916,56
3917,18
3918,33
3919,27
3920,19
3921,55
3922,47
3923,56
3924,55
3925,23
3926,19
3927,23
3928,41
3929,30
3930,21
3931,19
3932,53
3933,40
3934,38
3935,37
3936,40
3937,22
3938,50
3939,28
3940,40
3941,46
3942,59
3943,34
3944,22
3945,57
3946,35
3947,30
3948,44
3949,42
3950,28
3951,42
3952,19
3953,21
3954,26
3955,39
3956,41
3957,55
3958,55
3959,57
3960,49
3961,52
3962,38
3963,38
3964,22
3965,28
3966,42
3967,27
3968,59
3969,38
3970,44
3971,55
3972,50
3973,50
3974,50
3975,19
3976,39
3977,20
3978,36
3979,60
3980,53
3981,35
3982,47
3983,28
3984,53
3985,46
3986,24
3987,47
3988,57
3989,52
3990,28
3991,52
3992,27
3993,23
3994,24
3995,37
3996,56
3997,31
3998,32
3999,40
4000,49
